gene,log2_fold_change,statistic,pvalue,qvalue,reject
GENE_0000,1.5600528717041016,-5.354492664337158,2.987186379024969e-05,0.004276473480486987,True
GENE_0001,1.2309212684631348,-5.0604567527771,7.07777422789361e-05,0.004718516151929073,True
GENE_0002,1.1688919067382812,-3.820032835006714,0.0009447278958692083,0.030231292667814665,True
GENE_0003,1.1557331085205078,-4.6432623863220215,0.00018960429528525034,0.009480214764262517,True
GENE_0004,1.5459322929382324,-5.16774845123291,3.7931696907883324e-05,0.004276473480486987,True
GENE_0005,1.5168709754943848,-3.4382710456848145,0.002773720366069341,0.06934300915173353,False
GENE_0006,1.5625386238098145,-4.529562473297119,0.00017437701218200177,0.009480214764262517,True
GENE_0007,1.8511252403259277,-5.243536949157715,4.965750022727427e-05,0.004414000020202157,True
GENE_0008,0.8185749053955078,-2.827754259109497,0.00981820644283713,0.17075141639716745,False
GENE_0009,0.5731325149536133,-1.7098668813705444,0.10170014233354652,0.6723976352631175,False
GENE_0010,1.3584365844726562,-3.1354820728302,0.0061235838439039425,0.12247167687807885,False
GENE_0011,0.9002795219421387,-3.0259063243865967,0.006403854655793406,0.12495326157645671,False
GENE_0012,1.9300823211669922,-5.1644134521484375,3.6269848838346225e-05,0.004276473480486987,True
GENE_0013,0.9164557456970215,-2.629725217819214,0.01595607682811322,0.2454781050478957,False
GENE_0014,1.6375994682312012,-4.454015731811523,0.00022394954392851823,0.009493498880505604,True
GENE_0015,1.3428125381469727,-3.27445125579834,0.004285773450888118,0.09523941001973596,False
GENE_0016,1.7682175636291504,-6.4840407371521,6.386063909001045e-06,0.002561231689347426,True
GENE_0017,1.3975281715393066,-3.5196852684020996,0.0020890600644605218,0.05762924315753164,False
GENE_0018,1.8047199249267578,-5.158838748931885,4.276473480486987e-05,0.004276473480486987,True
GENE_0019,1.8205170631408691,-4.912644863128662,6.69453936927684e-05,0.004718516151929073,True
GENE_0020,0.8102550506591797,-2.42724871635437,0.026284268017318573,0.32855335021648213,False
GENE_0021,1.760274887084961,-4.503230571746826,0.0002254705984120081,0.009493498880505604,True
GENE_0022,1.4533400535583496,-4.315165042877197,0.0003517868030727686,0.012792247384464312,True
GENE_0023,1.384073257446289,-4.995125770568848,6.0351216105931814e-05,0.004718516151929073,True
GENE_0024,1.305208683013916,-2.9482369422912598,0.007435545017914267,0.13833572126352126,False
GENE_0025,1.220048427581787,-4.12537956237793,0.0004457445388679742,0.015504157873668668,True
GENE_0026,1.3867053985595703,-3.1826531887054443,0.004630578499471108,0.10012061620478072,False
GENE_0027,0.5845861434936523,-1.5692017078399658,0.13169395857476052,0.7167018153728464,False
GENE_0028,0.9074344635009766,-2.767925500869751,0.011246113410104742,0.18764303788083542,False
GENE_0029,1.3473601341247559,-4.526648044586182,0.0002088558393254629,0.009493498880505604,True
GENE_0030,1.415891170501709,-3.6694254875183105,0.0013522859783280721,0.04006773269120213,True
GENE_0031,1.150723934173584,-3.477123498916626,0.0022684535617892706,0.05854073707843279,False
GENE_0032,1.0503816604614258,-2.97360897064209,0.007153117745594953,0.13624986182085624,False
GENE_0033,1.2585868835449219,-4.6174445152282715,0.00016445717457471627,0.009480214764262517,True
GENE_0034,1.7214117050170898,-4.2847185134887695,0.00034145528038584345,0.012792247384464312,True
GENE_0035,0.7363343238830566,-2.056962728500366,0.05258111006456804,0.46738764501838254,False
GENE_0036,1.7529277801513672,-5.948640823364258,6.4030792233685655e-06,0.002561231689347426,True
GENE_0037,1.999715805053711,-5.634809494018555,1.202692667921513e-05,0.0032071804477907017,True
GENE_0038,1.6474676132202148,-5.173120975494385,4.2029373719938405e-05,0.004276473480486987,True
GENE_0039,1.2353925704956055,-2.4897091388702393,0.021979031764456237,0.29305375685941654,False
GENE_0040,1.3468642234802246,-4.511422157287598,0.0001809884131080392,0.009480214764262517,True
GENE_0041,1.1607913970947266,-4.406860828399658,0.0003146673873760891,0.012586695495043562,True
GENE_0042,1.495391845703125,-4.110907554626465,0.0005011832763492798,0.016706109211642662,True
GENE_0043,1.1411418914794922,-3.3185982704162598,0.004005282803230527,0.09384257690526876,False
GENE_0044,1.3961753845214844,-3.7280890941619873,0.0017259357462383914,0.049312449892525465,True
GENE_0045,0.6091060638427734,-2.7712574005126953,0.011258582272850124,0.18764303788083542,False
GENE_0046,-0.24083328247070312,0.8239865303039551,0.41902215224876327,0.9013916020597182,False
GENE_0047,-0.19731855392456055,0.516906201839447,0.6106702962739678,0.9485162243048392,False
GENE_0048,-0.16919851303100586,0.4203304052352905,0.6785542303882102,0.9638759729645049,False
GENE_0049,0.498809814453125,-1.4610276222229004,0.16045530382979728,0.7359091354411771,False
GENE_0050,-0.6792831420898438,1.6945042610168457,0.10613387549177203,0.6817894281151676,False
GENE_0051,0.12783098220825195,-0.3747953474521637,0.7115249331783005,0.971976891359447,False
GENE_0052,0.18621158599853516,-0.5948392748832703,0.5587376562946533,0.9463396797617495,False
GENE_0053,-0.04118013381958008,0.10263494402170181,0.9192090904661319,0.9876431420713804,False
GENE_0054,0.1794295310974121,-0.4165879189968109,0.681026666244819,0.9638759729645049,False
GENE_0055,0.510169506072998,-1.418868064880371,0.1702101013896505,0.7359091354411771,False
GENE_0056,-0.5357780456542969,1.4513615369796753,0.1622316124710998,0.7359091354411771,False
GENE_0057,-0.7392187118530273,1.791125774383545,0.08746912460797292,0.6138184183015644,False
GENE_0058,-0.010444164276123047,0.026518777012825012,0.9790866920835308,0.990226742941624,False
GENE_0059,-1.1834492683410645,3.2130916118621826,0.004105612739605508,0.09384257690526876,False
GENE_0060,-0.12509536743164062,0.32554662227630615,0.7479426058171544,0.9805703270701565,False
GENE_0061,0.34279346466064453,-0.8478823900222778,0.4057238017056033,0.8960145081291397,False
GENE_0062,0.1792006492614746,-0.5700410604476929,0.5748458596112458,0.9463396797617495,False
GENE_0063,0.5009593963623047,-1.1035449504852295,0.2821696614667021,0.8365286689739297,False
GENE_0064,-0.39696264266967773,1.1757686138153076,0.2536423089514309,0.8350364080705545,False
GENE_0065,-0.04973554611206055,0.15835322439670563,0.8757501993431461,0.9876431420713804,False
GENE_0066,0.5780277252197266,-1.6328575611114502,0.11703494806930116,0.7036029743184316,False
GENE_0067,-0.07275199890136719,0.19598986208438873,0.8464622569850906,0.9876431420713804,False
GENE_0068,-0.2756991386413574,0.8115858435630798,0.42602583487972157,0.9013916020597182,False
GENE_0069,-0.667320728302002,1.9408589601516724,0.06683926750716984,0.5347141400573587,False
GENE_0070,-0.544715404510498,1.3807058334350586,0.1816195117502004,0.7567479656258351,False
GENE_0071,-0.23308038711547852,0.5857726335525513,0.5641226840921065,0.9463396797617495,False
GENE_0072,-0.01918315887451172,0.06193827465176582,0.9511791471287764,0.9876431420713804,False
GENE_0073,-0.017585277557373047,0.04280168563127518,0.9662558922449458,0.9897544304320103,False
GENE_0074,-0.45349788665771484,1.2051353454589844,0.2437361899303731,0.8226019323714728,False
GENE_0075,0.20307016372680664,-0.6124278903007507,0.5466953217060033,0.9463396797617495,False
GENE_0076,-0.589202880859375,1.869673252105713,0.07580802471534859,0.561540923817397,False
GENE_0077,-0.09074211120605469,0.31282246112823486,0.7575508943995137,0.981958750297515,False
GENE_0078,-0.6584868431091309,1.6858857870101929,0.10645280749784096,0.6817894281151676,False
GENE_0079,-0.4031028747558594,0.9558032155036926,0.35066070086997236,0.8540654193017506,False
GENE_0080,-0.4988875389099121,1.4167466163635254,0.17109887399007367,0.7359091354411771,False
GENE_0081,-0.09061288833618164,0.2985619008541107,0.7689550259883191,0.9850266931592742,False
GENE_0082,-0.457608699798584,1.636818766593933,0.1192189957350553,0.7036029743184316,False
GENE_0083,-0.28871774673461914,0.8471218943595886,0.40656658306359716,0.8960145081291397,False
GENE_0084,0.38719797134399414,-1.2730169296264648,0.21793040197213864,0.8127498530136086,False
GENE_0085,0.13126325607299805,-0.3111436367034912,0.7587778306447661,0.981958750297515,False
GENE_0086,0.17116594314575195,-0.5752955079078674,0.570962564799761,0.9463396797617495,False
GENE_0087,-0.27146339416503906,0.8802968263626099,0.3882246449672757,0.8848424956519105,False
GENE_0088,0.15685749053955078,-0.5751845240592957,0.5734796672878336,0.9463396797617495,False
GENE_0089,-0.3636631965637207,1.2226545810699463,0.23672280250166117,0.8226019323714728,False
GENE_0090,-0.039823055267333984,0.0974503755569458,0.9232989767559965,0.9876431420713804,False
GENE_0091,0.1527552604675293,-0.5163708329200745,0.6126770178758283,0.9485162243048392,False
GENE_0092,-0.11267471313476562,0.3480081260204315,0.731150026362325,0.9771174277289681,False
GENE_0093,-0.09094667434692383,0.24880383908748627,0.8058347156282271,0.9876431420713804,False
GENE_0094,-0.4924492835998535,1.196734070777893,0.2462045596493989,0.8226019323714728,False
GENE_0095,-0.5741496086120605,1.4312156438827515,0.16835654615763282,0.7359091354411771,False
GENE_0096,-0.31708621978759766,0.8401221036911011,0.41320597773751366,0.9013916020597182,False
GENE_0097,-0.1760716438293457,0.47215232253074646,0.6414810927619466,0.96187071021448,False
GENE_0098,0.08861398696899414,-0.20238801836967468,0.8415453637524043,0.9876431420713804,False
GENE_0099,-0.11430215835571289,0.3699702322483063,0.7150268571057482,0.971976891359447,False
GENE_0100,-0.00710296630859375,0.01702706702053547,0.9865743856254385,0.9912455612382265,False
GENE_0101,0.0848846435546875,-0.2280660718679428,0.8217441025463349,0.9876431420713804,False
GENE_0102,-0.09930038452148438,0.32429805397987366,0.7489105872998321,0.9805703270701565,False
GENE_0103,0.4048042297363281,-1.264363169670105,0.21944246031367434,0.8127498530136086,False
GENE_0104,-0.15083599090576172,0.4427449703216553,0.6622867550774644,0.9638759729645049,False
GENE_0105,-0.1801586151123047,0.561262845993042,0.5808968007755841,0.9463396797617495,False
GENE_0106,0.7274622917175293,-1.8795708417892456,0.07347736402378534,0.5583002200885834,False
GENE_0107,0.07367229461669922,-0.20536522567272186,0.8393089850766435,0.9876431420713804,False
GENE_0108,-0.43722009658813477,1.220546007156372,0.23526317208456057,0.8226019323714728,False
GENE_0109,-0.299224853515625,1.0218522548675537,0.31905980119114097,0.8516620687827327,False
GENE_0110,-0.33748340606689453,0.931766152381897,0.36389493568206943,0.8612897885966141,False
GENE_0111,-0.1340312957763672,0.4230443239212036,0.6776595688251652,0.9638759729645049,False
GENE_0112,0.07244729995727539,-0.194990336894989,0.847192776041888,0.9876431420713804,False
GENE_0113,-0.13745450973510742,0.4133737087249756,0.6834669652637249,0.9638759729645049,False
GENE_0114,-0.07535076141357422,0.2044147104024887,0.8401694124886909,0.9876431420713804,False
GENE_0115,0.2746100425720215,-0.7312559485435486,0.47238608279012606,0.915624499132141,False
GENE_0116,-0.09586858749389648,0.31835418939590454,0.7536010794911994,0.981958750297515,False
GENE_0117,0.3982877731323242,-1.02027428150177,0.3216370053229936,0.8516620687827327,False
GENE_0118,-0.15248632431030273,0.5370239019393921,0.5975783849453337,0.9485162243048392,False
GENE_0119,-0.6548619270324707,1.6576203107833862,0.11303064278353317,0.6902634673803552,False
GENE_0120,-0.42720794677734375,1.7355808019638062,0.09844398440642357,0.6562932293761572,False
GENE_0121,0.0407710075378418,-0.1049029678106308,0.9174212347228495,0.9876431420713804,False
GENE_0122,0.7460813522338867,-1.9805129766464233,0.06233434616855945,0.5140977003592532,False
GENE_0123,0.4857521057128906,-1.2706589698791504,0.2177889837082653,0.8127498530136086,False
GENE_0124,0.2997612953186035,-0.7588977813720703,0.45604578773926574,0.9056321619079936,False
GENE_0125,-0.3113670349121094,0.7587361335754395,0.456519075771621,0.9056321619079936,False
GENE_0126,-0.007072925567626953,0.029297752305865288,0.9769063366369192,0.990226742941624,False
GENE_0127,0.6249265670776367,-2.016047239303589,0.056391532739843875,0.47992793821143725,False
GENE_0128,0.3504023551940918,-0.9810193181037903,0.33725574433351524,0.8538120109709246,False
GENE_0129,-0.3225288391113281,0.9997177124023438,0.32841885308807883,0.8516620687827327,False
GENE_0130,0.2070789337158203,-0.6569318771362305,0.5216010413325141,0.9423748141663264,False
GENE_0131,-0.05623435974121094,0.17542432248592377,0.8625334666892546,0.9876431420713804,False
GENE_0132,-0.7581443786621094,2.6088061332702637,0.016484343570488273,0.24882028030925693,False
GENE_0133,0.15342330932617188,-0.5808899402618408,0.5678612649435639,0.9463396797617495,False
GENE_0134,0.13144874572753906,-0.3258250951766968,0.7478330435020939,0.9805703270701565,False
GENE_0135,-0.09185934066772461,0.2928946018218994,0.772494646266182,0.9854769483901411,False
GENE_0136,0.5518722534179688,-1.423383116722107,0.169122577617153,0.7359091354411771,False
GENE_0137,0.6513524055480957,-2.174504280090332,0.04546636991750573,0.4330130468333879,False
GENE_0138,-0.25731468200683594,0.9770928621292114,0.3393959412336034,0.8538262672543481,False
GENE_0139,-0.28862714767456055,0.8656841516494751,0.3960183345326742,0.888304835143673,False
GENE_0140,0.2568697929382324,-0.8607786893844604,0.398645482444145,0.888304835143673,False
GENE_0141,0.2375178337097168,-0.7056479454040527,0.488595393950805,0.9241299879726532,False
GENE_0142,0.6482081413269043,-1.6525696516036987,0.11281790186038365,0.6902634673803552,False
GENE_0143,0.09468460083007812,-0.272100031375885,0.788103102708338,0.9876431420713804,False
GENE_0144,0.170013427734375,-0.40828752517700195,0.6870237414821079,0.9640532202479822,False
GENE_0145,0.07186222076416016,-0.2538488209247589,0.8019789345411669,0.9876431420713804,False
GENE_0146,-0.21426105499267578,0.7043409943580627,0.4886165017096148,0.9241299879726532,False
GENE_0147,-0.05448007583618164,0.17196252942085266,0.8651000272567405,0.9876431420713804,False
GENE_0148,0.2733802795410156,-0.8215152621269226,0.42047021585952016,0.9013916020597182,False
GENE_0149,-0.07396173477172852,0.18780702352523804,0.8528408666386413,0.9876431420713804,False
GENE_0150,-0.45121240615844727,1.2175335884094238,0.23731241065620673,0.8226019323714728,False
GENE_0151,-0.28315019607543945,0.781368613243103,0.443064880399597,0.9056321619079936,False
GENE_0152,-0.6765241622924805,2.465485095977783,0.02195770116444578,0.29305375685941654,False
GENE_0153,0.17379236221313477,-0.4143918454647064,0.6828197034853237,0.9638759729645049,False
GENE_0154,0.41571855545043945,-2.1303675174713135,0.04467564818284896,0.43060865718408636,False
GENE_0155,-0.47088050842285156,1.374001145362854,0.1895027395236716,0.7695542721773466,False
GENE_0156,-0.02526712417602539,0.07024845480918884,0.9446775463827066,0.9876431420713804,False
GENE_0157,0.21250057220458984,-0.548389196395874,0.589267650559151,0.9463396797617495,False
GENE_0158,0.12826251983642578,-0.41569072008132935,0.681859212787165,0.9638759729645049,False
GENE_0159,-0.19826841354370117,0.6962577700614929,0.49445050418981285,0.9241299879726532,False
GENE_0160,-0.4005136489868164,0.9569537043571472,0.34984850708482174,0.8540654193017506,False
GENE_0161,0.14243555068969727,-0.43479833006858826,0.6680145240242242,0.9638759729645049,False
GENE_0162,0.4853062629699707,-1.031683087348938,0.3144659504709329,0.8516620687827327,False
GENE_0163,0.34645986557006836,-1.1434909105300903,0.2652632696522823,0.8365286689739297,False
GENE_0164,-0.392580509185791,1.0840933322906494,0.2900979210109533,0.8431777279871904,False
GENE_0165,0.34398889541625977,-1.1426935195922852,0.2658436402257912,0.8365286689739297,False
GENE_0166,0.5272665023803711,-1.7559937238693237,0.09386636815993771,0.640244703156796,False
GENE_0167,-0.81005859375,3.1210896968841553,0.004983915456343783,0.10492453592302702,False
GENE_0168,-0.05409574508666992,0.2133893370628357,0.833440664262934,0.9876431420713804,False
GENE_0169,-0.6562795639038086,2.2007296085357666,0.041110372804246426,0.41676407428518175,False
GENE_0170,-0.1819753646850586,0.5121086835861206,0.6136889560612868,0.9485162243048392,False
GENE_0171,0.07685565948486328,-0.23496103286743164,0.8166070491541527,0.9876431420713804,False
GENE_0172,0.39188194274902344,-0.9278859496116638,0.36668019902149196,0.8632446921923396,False
GENE_0173,-0.020385265350341797,0.06896868348121643,0.9456842458826235,0.9876431420713804,False
GENE_0174,-0.022871971130371094,0.0545019805431366,0.9570305394630633,0.9876431420713804,False
GENE_0175,0.42072057723999023,-1.0685642957687378,0.29694200422901873,0.8453864889082383,False
GENE_0176,-0.5078988075256348,1.9632189273834229,0.06532482381536879,0.5278773641645963,False
GENE_0177,-0.04739522933959961,0.13519887626171112,0.8937982652940463,0.9876431420713804,False
GENE_0178,-0.10921287536621094,0.2999914884567261,0.7671398988973583,0.9850266931592742,False
GENE_0179,-0.11251163482666016,0.2967906594276428,0.7696052866658376,0.9850266931592742,False
GENE_0180,0.1884779930114746,-0.5274568796157837,0.603216922668932,0.9485162243048392,False
GENE_0181,0.5447540283203125,-1.6719908714294434,0.10917744045918092,0.6823590028698807,False
GENE_0182,0.6956825256347656,-1.839734673500061,0.07963059247232901,0.5791315816169382,False
GENE_0183,0.32894182205200195,-1.1169360876083374,0.2762109512346702,0.8365286689739297,False
GENE_0184,-0.23194122314453125,0.6320207118988037,0.5339277351982271,0.9423748141663264,False
GENE_0185,0.33214807510375977,-1.0103685855865479,0.3233847482154628,0.8516620687827327,False
GENE_0186,-0.21799516677856445,0.7196261286735535,0.4802374708060635,0.9213188888365726,False
GENE_0187,0.2597789764404297,-0.738554060459137,0.46798942553346035,0.9109283222062488,False
GENE_0188,0.21207714080810547,-0.653201699256897,0.5205650210762842,0.9423748141663264,False
GENE_0189,0.4569234848022461,-1.1958850622177124,0.2451168042801769,0.8226019323714728,False
GENE_0190,0.044948577880859375,-0.12009795010089874,0.9055078302571704,0.9876431420713804,False
GENE_0191,0.046919822692871094,-0.1569656878709793,0.8767264408405426,0.9876431420713804,False
GENE_0192,-0.2024669647216797,0.43994563817977905,0.6647509271549635,0.9638759729645049,False
GENE_0193,0.3383908271789551,-1.0576691627502441,0.30621258327675527,0.8516620687827327,False
GENE_0194,-0.10786056518554688,0.26271262764930725,0.7952183759879674,0.9876431420713804,False
GENE_0195,0.23299264907836914,-0.7920631766319275,0.43698404436799,0.9056321619079936,False
GENE_0196,-0.3806343078613281,1.1980379819869995,0.24424863492923934,0.8226019323714728,False
GENE_0197,-0.19157171249389648,0.5898751616477966,0.5618495530689325,0.9463396797617495,False
GENE_0198,-0.3256258964538574,0.75933837890625,0.4557104836042625,0.9056321619079936,False
GENE_0199,0.2546072006225586,-0.6513583660125732,0.5231034919546291,0.9423748141663264,False
GENE_0200,-0.1217641830444336,0.3482537865638733,0.7312284225289607,0.9771174277289681,False
GENE_0201,0.4353361129760742,-1.2140229940414429,0.23771681803012512,0.8226019323714728,False
GENE_0202,0.15904664993286133,-0.4479430913925171,0.658575257536125,0.9638759729645049,False
GENE_0203,0.24104070663452148,-0.8162081837654114,0.4234019926377438,0.9013916020597182,False
GENE_0204,-0.2791280746459961,0.8198840022087097,0.4216637658620873,0.9013916020597182,False
GENE_0205,-0.3216090202331543,0.9654157757759094,0.3449675345937576,0.8540654193017506,False
GENE_0206,-0.7457618713378906,2.19079327583313,0.04073742008718527,0.41676407428518175,False
GENE_0207,0.18422937393188477,-0.4953971207141876,0.625232227592537,0.9518621980323889,False
GENE_0208,-0.1717534065246582,0.562934160232544,0.5804873354270879,0.9463396797617495,False
GENE_0209,0.35765981674194336,-0.9431982636451721,0.35630598209222863,0.8540654193017506,False
GENE_0210,-0.0036520957946777344,0.011654303409159184,0.9908324329637979,0.9920725236183208,False
GENE_0211,-0.18103265762329102,0.5593068599700928,0.5821986298729243,0.9463396797617495,False
GENE_0212,-0.029816627502441406,0.08353524655103683,0.9343303962855767,0.9876431420713804,False
GENE_0213,-0.1344161033630371,0.46990469098091125,0.6430558207729171,0.96187071021448,False
GENE_0214,0.06903409957885742,-0.17387841641902924,0.8635717055654524,0.9876431420713804,False
GENE_0215,0.2990989685058594,-0.6315547823905945,0.5343270362488715,0.9423748141663264,False
GENE_0216,-0.8020915985107422,3.467327117919922,0.002249673778947341,0.05854073707843279,False
GENE_0217,0.07621622085571289,-0.23954980075359344,0.8130146569001928,0.9876431420713804,False
GENE_0218,0.5706400871276855,-1.5406430959701538,0.13890007091515774,0.7322576075251517,False
GENE_0219,0.3376893997192383,-0.9419245719909668,0.3564646241640592,0.8540654193017506,False
GENE_0220,0.3648185729980469,-1.058754801750183,0.30120172933108846,0.848455575580531,False
GENE_0221,-0.25548648834228516,0.6628481149673462,0.5148614500394513,0.9423748141663264,False
GENE_0222,-0.6264405250549316,2.319308042526245,0.030805121244933727,0.35716082602821714,False
GENE_0223,0.4938793182373047,-1.5147604942321777,0.14414942219144608,0.7322576075251517,False
GENE_0224,-0.23768949508666992,0.6571687459945679,0.5183925643715528,0.9423748141663264,False
GENE_0225,-0.04865694046020508,0.14403469860553741,0.8867868249444242,0.9876431420713804,False
GENE_0226,-0.11515665054321289,0.3419117033481598,0.7359675032585309,0.9796572422742508,False
GENE_0227,-0.02780008316040039,0.08382030576467514,0.9340446123727,0.9876431420713804,False
GENE_0228,-0.11658716201782227,0.346121609210968,0.7328380707967261,0.9771174277289681,False
GENE_0229,0.4662647247314453,-1.6735669374465942,0.10837662674920369,0.6823590028698807,False
GENE_0230,-0.32678985595703125,1.1530647277832031,0.2620660003589427,0.8365286689739297,False
GENE_0231,-0.15579938888549805,0.42300087213516235,0.6769769757868971,0.9638759729645049,False
GENE_0232,-0.042324066162109375,0.15746915340423584,0.8763205751816376,0.9876431420713804,False
GENE_0233,-0.32523393630981445,1.2921820878982544,0.20992952211123553,0.8035579793731504,False
GENE_0234,0.12158346176147461,-0.21667781472206116,0.8304684823782151,0.9876431420713804,False
GENE_0235,0.34232521057128906,-0.9639172554016113,0.3483492133904176,0.8540654193017506,False
GENE_0236,0.03332185745239258,-0.102302186191082,0.9199148858745471,0.9876431420713804,False
GENE_0237,-0.23514366149902344,0.5744560956954956,0.5714874796530336,0.9463396797617495,False
GENE_0238,-0.8067946434020996,1.9167604446411133,0.06850862812799458,0.5373225735528986,False
GENE_0239,-0.30565595626831055,0.7519457340240479,0.4600881313752575,0.9056321619079936,False
GENE_0240,-0.403719425201416,1.095986008644104,0.2850989340363508,0.8365286689739297,False
GENE_0241,-0.20908737182617188,0.6205353736877441,0.5413091584234891,0.9463396797617495,False
GENE_0242,-0.3451242446899414,1.0137133598327637,0.3233507034445039,0.8516620687827327,False
GENE_0243,0.6895289421081543,-2.3123202323913574,0.03065830951816621,0.35716082602821714,False
GENE_0244,0.18300724029541016,-0.49522796273231506,0.6253775707932534,0.9518621980323889,False
GENE_0245,-0.1916666030883789,0.7139241695404053,0.4827939939327224,0.9240076438903778,False
GENE_0246,-0.2790036201477051,0.8074985146522522,0.4292877504809408,0.9013916020597182,False
GENE_0247,-0.10573196411132812,0.21749494969844818,0.8307302380273874,0.9876431420713804,False
GENE_0248,0.5415539741516113,-1.6199049949645996,0.12049200935203142,0.7036029743184316,False
GENE_0249,0.06070566177368164,-0.16788429021835327,0.8682120517314342,0.9876431420713804,False
GENE_0250,0.1400470733642578,-0.376278281211853,0.7104966519054721,0.971976891359447,False
GENE_0251,0.03647470474243164,-0.09878252446651459,0.9222117560323074,0.9876431420713804,False
GENE_0252,-0.14641857147216797,0.44421640038490295,0.6612250794986602,0.9638759729645049,False
GENE_0253,0.22277259826660156,-0.5025691390037537,0.6209536578254891,0.9498335110141323,False
GENE_0254,-0.4142160415649414,1.2577435970306396,0.22202731354800065,0.8147791322862409,False
GENE_0255,-0.14619827270507812,0.3829165995121002,0.7058058631842962,0.971976891359447,False
GENE_0256,-0.15714025497436523,0.3684256970882416,0.716092272083914,0.971976891359447,False
GENE_0257,0.21750831604003906,-0.506957471370697,0.6177211910785265,0.9485162243048392,False
GENE_0258,0.1664881706237793,-0.552344560623169,0.5865215095700991,0.9463396797617495,False
GENE_0259,-0.264493465423584,1.0071089267730713,0.3251945973763273,0.8516620687827327,False
GENE_0260,-0.6041297912597656,2.083183765411377,0.049483355506185905,0.4506344303175499,False
GENE_0261,0.08250236511230469,-0.18190573155879974,0.8573425853618885,0.9876431420713804,False
GENE_0262,0.4361701011657715,-1.1177059412002563,0.27674786375619514,0.8365286689739297,False
GENE_0263,-0.1499619483947754,0.366943895816803,0.7174079121467636,0.971976891359447,False
GENE_0264,0.39430809020996094,-1.2772972583770752,0.21492240382957947,0.8127498530136086,False
GENE_0265,-0.6617493629455566,1.9669127464294434,0.06390814350790706,0.5216991306767924,False
GENE_0266,-0.33171606063842773,0.9174078106880188,0.36935853310324973,0.8632446921923396,False
GENE_0267,0.03827333450317383,-0.09548541158437729,0.924793852997545,0.9876431420713804,False
GENE_0268,-0.2256183624267578,0.9108705520629883,0.37324126831629234,0.8632446921923396,False
GENE_0269,-0.33347272872924805,0.9152748584747314,0.37299681559217834,0.8632446921923396,False
GENE_0270,0.510704517364502,-1.354158639907837,0.19261701579753493,0.7704680631901397,False
GENE_0271,0.617431640625,-2.280921459197998,0.03273206541956286,0.3688120047274689,False
GENE_0272,-0.0715932846069336,0.16441436111927032,0.8709070564495593,0.9876431420713804,False
GENE_0273,0.26148080825805664,-0.891841471195221,0.3845087149830503,0.8788770628184006,False
GENE_0274,0.40520334243774414,-1.2590949535369873,0.22131630352132087,0.8147791322862409,False
GENE_0275,0.4523930549621582,-1.4289451837539673,0.1677259744520242,0.7359091354411771,False
GENE_0276,0.17200946807861328,-0.9101310968399048,0.37290372661866444,0.8632446921923396,False
GENE_0277,0.2909660339355469,-0.6982139945030212,0.492787270530882,0.9241299879726532,False
GENE_0278,0.10406970977783203,-0.2555655837059021,0.800675285642555,0.9876431420713804,False
GENE_0279,-0.07458925247192383,0.21640510857105255,0.8306667556029711,0.9876431420713804,False
GENE_0280,0.06774330139160156,-0.15507835149765015,0.8782010103426223,0.9876431420713804,False
GENE_0281,0.17228937149047852,-0.596096932888031,0.5598248578720164,0.9463396797617495,False
GENE_0282,-0.4377288818359375,1.115281581878662,0.27709854717654653,0.8365286689739297,False
GENE_0283,-0.1825275421142578,0.6320399045944214,0.5347977070393902,0.9423748141663264,False
GENE_0284,0.09870195388793945,-0.25816017389297485,0.799264181566929,0.9876431420713804,False
GENE_0285,0.1147756576538086,-0.2375372052192688,0.8146567735049347,0.9876431420713804,False
GENE_0286,-0.25791120529174805,1.0069406032562256,0.32550034075920486,0.8516620687827327,False
GENE_0287,0.48406982421875,-1.462468147277832,0.15835101558772852,0.7359091354411771,False
GENE_0288,-0.09257173538208008,0.2587982416152954,0.7984475072061735,0.9876431420713804,False
GENE_0289,0.4996809959411621,-1.5190178155899048,0.14360377360349008,0.7322576075251517,False
GENE_0290,-0.5455927848815918,1.1899116039276123,0.24678057971144185,0.8226019323714728,False
GENE_0291,-0.4063544273376465,1.4926700592041016,0.14973747155974163,0.734330843309223,False
GENE_0292,0.6298995018005371,-2.438701629638672,0.023278286450513743,0.30036498645824183,False
GENE_0293,0.5285215377807617,-1.3965929746627808,0.1769831020043069,0.7531195829970506,False
GENE_0294,-0.3767571449279785,0.98375004529953,0.33693524110233286,0.8538120109709246,False
GENE_0295,0.12019729614257812,-0.37837114930152893,0.7087886498864928,0.971976891359447,False
GENE_0296,-0.3760690689086914,1.416277527809143,0.17069818654376964,0.7359091354411771,False
GENE_0297,-0.01592731475830078,0.04113033786416054,0.9676144507883773,0.9897544304320103,False
GENE_0298,0.037322044372558594,-0.12583965063095093,0.9010419464779476,0.9876431420713804,False
GENE_0299,-0.37552356719970703,1.627771019935608,0.12269189969160407,0.7112573895165454,False
GENE_0300,-0.38365697860717773,1.4828150272369385,0.15237364998666378,0.734330843309223,False
GENE_0301,0.06309652328491211,-0.16719375550746918,0.868915643526193,0.9876431420713804,False
GENE_0302,0.538032054901123,-1.9163082838058472,0.06980307684856533,0.5421598201830317,False
GENE_0303,0.10579109191894531,-0.2889055609703064,0.7753682949378597,0.9854769483901411,False
GENE_0304,0.0207366943359375,-0.09171327948570251,0.9278133349485203,0.9876431420713804,False
GENE_0305,-0.21007013320922852,0.47953692078590393,0.6366121006808967,0.9609239255560705,False
GENE_0306,-0.012543678283691406,0.03929397836327553,0.969087209678021,0.9897544304320103,False
GENE_0307,0.15663671493530273,-0.5155053734779358,0.6118892937707314,0.9485162243048392,False
GENE_0308,-0.2530508041381836,0.5850619673728943,0.565630120210765,0.9463396797617495,False
GENE_0309,0.351590633392334,-1.0866035223007202,0.29216472029688567,0.8437970261281896,False
GENE_0310,0.11387777328491211,-0.33626821637153625,0.7400316928403521,0.9805703270701565,False
GENE_0311,-0.537529468536377,1.599593997001648,0.1295890977739476,0.7150284758535879,False
GENE_0312,0.014683246612548828,-0.04416240006685257,0.9651734873278072,0.9897544304320103,False
GENE_0313,0.2631263732910156,-0.7488769292831421,0.4618724025730767,0.9056321619079936,False
GENE_0314,0.3737831115722656,-1.1088026762008667,0.2854654082873535,0.8365286689739297,False
GENE_0315,0.39842987060546875,-1.2089494466781616,0.2400928299462569,0.8226019323714728,False
GENE_0316,-0.12844610214233398,0.39433884620666504,0.6974075289674123,0.9686215680102949,False
GENE_0317,-0.4195094108581543,1.2670446634292603,0.21877185346872755,0.8127498530136086,False
GENE_0318,-0.45287322998046875,1.1207349300384521,0.27671092691718546,0.8365286689739297,False
GENE_0319,0.3282022476196289,-1.0993695259094238,0.28495595641693894,0.8365286689739297,False
GENE_0320,0.1880321502685547,-0.5890008807182312,0.5623418220413707,0.9463396797617495,False
GENE_0321,0.18915462493896484,-0.48711860179901123,0.631135992818088,0.9544589683449345,False
GENE_0322,-0.3368353843688965,0.9840834140777588,0.33628612784537193,0.8538120109709246,False
GENE_0323,0.3997831344604492,-1.3121522665023804,0.20299856423125245,0.7921895189512291,False
GENE_0324,-0.496854305267334,1.4330625534057617,0.1666918527730659,0.7359091354411771,False
GENE_0325,0.13601064682006836,-0.36621716618537903,0.7180479284917914,0.971976891359447,False
GENE_0326,-0.397000789642334,1.0745271444320679,0.2942452389775654,0.8443711586566394,False
GENE_0327,-0.37659406661987305,1.1443103551864624,0.2664970401148988,0.8365286689739297,False
GENE_0328,-0.5645942687988281,1.9905743598937988,0.05986972097696664,0.498914341474722,False
GENE_0329,-0.4110221862792969,1.0309065580368042,0.31404621145371714,0.8516620687827327,False
GENE_0330,0.6797018051147461,-2.118882417678833,0.048843484869661426,0.4506344303175499,False
GENE_0331,0.0331110954284668,-0.08418019115924835,0.9336945829570105,0.9876431420713804,False
GENE_0332,-0.5537610054016113,2.3317177295684814,0.03259891988396196,0.3688120047274689,False
GENE_0333,-0.7216534614562988,1.8369272947311401,0.08073352357474402,0.581863232971128,False
GENE_0334,-0.1992349624633789,0.603417694568634,0.5525104691006855,0.9463396797617495,False
GENE_0335,0.48813629150390625,-1.3071858882904053,0.20652725393825813,0.7981729620802247,False
GENE_0336,0.04751920700073242,-0.1244179978966713,0.9021146631949117,0.9876431420713804,False
GENE_0337,-0.46828794479370117,1.0238826274871826,0.3172531688096275,0.8516620687827327,False
GENE_0338,0.21257495880126953,-0.6457762718200684,0.5256776353666123,0.9423748141663264,False
GENE_0339,-0.2902536392211914,1.0349013805389404,0.31200756495701026,0.8516620687827327,False
GENE_0340,-0.019705772399902344,0.0546426884829998,0.9569479185098017,0.9876431420713804,False
GENE_0341,-0.4876136779785156,1.4938069581985474,0.1496599440360511,0.734330843309223,False
GENE_0342,0.02989339828491211,-0.0943741574883461,0.9256679979807261,0.9876431420713804,False
GENE_0343,0.017765045166015625,-0.07189149409532547,0.9433390349525368,0.9876431420713804,False
GENE_0344,0.4059720039367676,-1.3508994579315186,0.1909261450249095,0.7697529544769971,False
GENE_0345,-0.18090248107910156,0.7800411581993103,0.4440471245050508,0.9056321619079936,False
GENE_0346,0.23563766479492188,-0.6595163941383362,0.5171905447917693,0.9423748141663264,False
GENE_0347,-0.8854517936706543,2.2079806327819824,0.03884396241933797,0.414335599139605,False
GENE_0348,0.2292652130126953,-0.5954616069793701,0.5600626134338068,0.9463396797617495,False
GENE_0349,-0.09428787231445312,0.2641999423503876,0.7944875783850943,0.9876431420713804,False
GENE_0350,-0.034186363220214844,0.13123829662799835,0.8967999799270888,0.9876431420713804,False
GENE_0351,0.14539098739624023,-0.5501279830932617,0.5881669716885234,0.9463396797617495,False
GENE_0352,-0.1672077178955078,0.5587986707687378,0.5825909613754182,0.9463396797617495,False
GENE_0353,-0.09492111206054688,0.2711588442325592,0.7888038060752538,0.9876431420713804,False
GENE_0354,-0.40984582901000977,1.1696531772613525,0.25545871918603796,0.8365286689739297,False
GENE_0355,0.0756525993347168,-0.24634619057178497,0.8077808098701468,0.9876431420713804,False
GENE_0356,-0.41646909713745117,1.3136428594589233,0.20412169937652064,0.792705628646682,False
GENE_0357,-0.04474925994873047,0.11052192002534866,0.9130339019957363,0.9876431420713804,False
GENE_0358,-0.055956363677978516,0.1902717500925064,0.8519316230039903,0.9876431420713804,False
GENE_0359,0.4148550033569336,-1.1090792417526245,0.2820724019212107,0.8365286689739297,False
GENE_0360,-0.3080124855041504,0.9833484292030334,0.33641788817543583,0.8538120109709246,False
GENE_0361,-0.1771678924560547,0.4272940158843994,0.6735826279862644,0.9638759729645049,False
GENE_0362,-0.3918914794921875,1.4221906661987305,0.16909611794949408,0.7359091354411771,False
GENE_0363,-0.27022409439086914,0.8194717764854431,0.42244768791542453,0.9013916020597182,False
GENE_0364,-0.06386709213256836,0.1576043963432312,0.8762062809803004,0.9876431420713804,False
GENE_0365,-0.815037727355957,2.5400352478027344,0.01982533326358986,0.28220709872421484,False
GENE_0366,0.05124664306640625,-0.15190674364566803,0.8808009067243278,0.9876431420713804,False
GENE_0367,-0.21450042724609375,0.6317171454429626,0.534145971389242,0.9423748141663264,False
GENE_0368,0.6217360496520996,-1.4745233058929443,0.15522097575214536,0.7359091354411771,False
GENE_0369,-0.4190950393676758,1.1174784898757935,0.27594233684686104,0.8365286689739297,False
GENE_0370,-0.07241678237915039,0.18991166353225708,0.8511888237420641,0.9876431420713804,False
GENE_0371,0.24103450775146484,-0.6871933341026306,0.5010563280763085,0.9318039723165094,False
GENE_0372,0.1186676025390625,-0.25715816020965576,0.799526326430404,0.9876431420713804,False
GENE_0373,0.3820071220397949,-1.0130492448806763,0.32205855998688404,0.8516620687827327,False
GENE_0374,0.06956195831298828,-0.16157159209251404,0.8731448357916602,0.9876431420713804,False
GENE_0375,0.36756134033203125,-0.874736487865448,0.39366316678817315,0.888304835143673,False
GENE_0376,-0.41428470611572266,0.9999683499336243,0.32927311624063793,0.8516620687827327,False
GENE_0377,0.1819019317626953,-0.46457114815711975,0.6474065527197153,0.963028583167994,False
GENE_0378,-0.4603109359741211,1.5172089338302612,0.1434861792086253,0.7322576075251517,False
GENE_0379,-0.2910919189453125,0.8427296876907349,0.4094022079744467,0.8997850724713115,False
GENE_0380,-0.15405607223510742,0.5039066672325134,0.6193754857263043,0.949234460883225,False
GENE_0381,0.2880110740661621,-1.0181232690811157,0.3215523617620282,0.8516620687827327,False
GENE_0382,-0.5694785118103027,1.6198068857192993,0.1197872288756425,0.7036029743184316,False
GENE_0383,-0.06436347961425781,0.1345178484916687,0.8942191258470682,0.9876431420713804,False
GENE_0384,0.38551807403564453,-1.2322936058044434,0.23224570715980253,0.818487073690934,False
GENE_0385,-0.34728050231933594,0.8618717789649963,0.398633780649729,0.888304835143673,False
GENE_0386,-0.2862281799316406,0.7658021450042725,0.4522056869890827,0.9056321619079936,False
GENE_0387,-0.06660318374633789,0.2588651180267334,0.7989001518213245,0.9876431420713804,False
GENE_0388,0.47226905822753906,-1.1859352588653564,0.2487843004353255,0.8258400014450639,False
GENE_0389,0.13111305236816406,-0.6110038161277771,0.5488468452092055,0.9463396797617495,False
GENE_0390,0.24219322204589844,-0.6358373165130615,0.5339254993511675,0.9423748141663264,False
GENE_0391,-0.45868730545043945,1.1448484659194946,0.26477133724701013,0.8365286689739297,False
GENE_0392,-0.27745628356933594,0.755710780620575,0.4580738792373892,0.9056321619079936,False
GENE_0393,0.6870107650756836,-2.18308687210083,0.04075883183413613,0.41676407428518175,False
GENE_0394,-0.25269412994384766,0.6336988806724548,0.5328509930148744,0.9423748141663264,False
GENE_0395,-0.04214668273925781,0.11346320807933807,0.9111471031377223,0.9876431420713804,False
GENE_0396,0.13411712646484375,-0.4385185241699219,0.667168312438688,0.9638759729645049,False
GENE_0397,-0.06793880462646484,0.17717459797859192,0.8611903533015958,0.9876431420713804,False
GENE_0398,-0.3065166473388672,0.758823573589325,0.4562052752579909,0.9056321619079936,False
GENE_0399,-0.27175045013427734,0.8622046113014221,0.39827603831869296,0.888304835143673,False
GENE_0400,-0.038665771484375,0.13323040306568146,0.8952556100656317,0.9876431420713804,False
GENE_0401,-0.5289182662963867,1.5207940340042114,0.14462087748621746,0.7322576075251517,False
GENE_0402,-0.49138450622558594,1.2735010385513306,0.2185527253499811,0.8127498530136086,False
GENE_0403,-0.3191037178039551,0.7783034443855286,0.44480868926057815,0.9056321619079936,False
GENE_0404,-0.5499286651611328,1.929642677307129,0.06754791590187476,0.5350329972425724,False
GENE_0405,0.25329113006591797,-0.5505568385124207,0.5874882334102396,0.9463396797617495,False
GENE_0406,-0.06513500213623047,0.13238191604614258,0.8959898043916426,0.9876431420713804,False
GENE_0407,0.5386343002319336,-1.6903331279754639,0.10865457877923362,0.6823590028698807,False
GENE_0408,0.1427145004272461,-0.42490458488464355,0.6750337548021451,0.9638759729645049,False
GENE_0409,-0.16928958892822266,0.5111278295516968,0.615707806558524,0.9485162243048392,False
GENE_0410,-0.08833885192871094,0.30745962262153625,0.7613891317408741,0.9824375893430634,False
GENE_0411,0.05516338348388672,-0.13483738899230957,0.894007312661881,0.9876431420713804,False
GENE_0412,-0.27662229537963867,0.9000462293624878,0.37784908724848876,0.8711218149821066,False
GENE_0413,-0.08432674407958984,0.2473457157611847,0.8074066738421573,0.9876431420713804,False
GENE_0414,0.6201481819152832,-1.458388328552246,0.16214193381638456,0.7359091354411771,False
GENE_0415,-0.7467327117919922,2.901956558227539,0.00868636542723568,0.15793391685883054,False
GENE_0416,-0.2652244567871094,0.8032230734825134,0.43044817447401984,0.9014621454953295,False
GENE_0417,0.004277229309082031,-0.015193592756986618,0.988017593189584,0.9912455612382265,False
GENE_0418,-0.46359968185424805,1.1850690841674805,0.24987628414767296,0.826037302967514,False
GENE_0419,0.6269540786743164,-1.547123670578003,0.1391987926703097,0.7322576075251517,False
GENE_0420,0.342526912689209,-0.8291628956794739,0.415957295684527,0.9013916020597182,False
GENE_0421,0.18023014068603516,-0.4696187376976013,0.6432510374559335,0.96187071021448,False
GENE_0422,0.26943492889404297,-0.8239896297454834,0.41881640581119783,0.9013916020597182,False
GENE_0423,-0.36757707595825195,1.230323314666748,0.23168367374548152,0.818487073690934,False
GENE_0424,0.30098581314086914,-0.9683421850204468,0.34373734949796264,0.8540654193017506,False
GENE_0425,0.2619819641113281,-0.6829883456230164,0.5025560818349499,0.9318039723165094,False
GENE_0426,0.026597976684570312,-0.08376241475343704,0.9340033868450975,0.9876431420713804,False
GENE_0427,-0.42587709426879883,1.3664218187332153,0.18714074345901402,0.7638397692204654,False
GENE_0428,0.47916650772094727,-1.3828014135360718,0.18638211693719137,0.7638397692204654,False
GENE_0429,0.19803905487060547,-0.6984712481498718,0.4922439647836995,0.9241299879726532,False
GENE_0430,-0.2800626754760742,0.9319591522216797,0.36156572447070645,0.8608707725493011,False
GENE_0431,0.2429637908935547,-0.6328653693199158,0.5339419242472,0.9423748141663264,False
GENE_0432,-0.015122413635253906,0.03773017227649689,0.9702432903296856,0.9897544304320103,False
GENE_0433,0.3191061019897461,-1.099526047706604,0.28343676965630443,0.8365286689739297,False
GENE_0434,0.23722076416015625,-0.6398013234138489,0.5291896489599405,0.9423748141663264,False
GENE_0435,0.3600749969482422,-1.2076877355575562,0.24256020512852933,0.8226019323714728,False
GENE_0436,-0.1837320327758789,0.5732298493385315,0.5725304876938815,0.9463396797617495,False
GENE_0437,0.2880263328552246,-0.9538305997848511,0.3527324158222911,0.8540654193017506,False
GENE_0438,0.21158599853515625,-0.5453211665153503,0.5910653204023029,0.9463396797617495,False
GENE_0439,-0.11958169937133789,0.43802735209465027,0.6657517667664046,0.9638759729645049,False
GENE_0440,0.2027435302734375,-0.5776563286781311,0.5699113892288026,0.9463396797617495,False
GENE_0441,0.3656630516052246,-1.2367452383041382,0.23041496081697727,0.818487073690934,False
GENE_0442,0.06920051574707031,-0.19209079444408417,0.8494480591793402,0.9876431420713804,False
GENE_0443,-0.4357128143310547,1.0605188608169556,0.30048114305466395,0.848455575580531,False
GENE_0444,0.10634136199951172,-0.27922773361206055,0.7826871732046606,0.9876431420713804,False
GENE_0445,0.38407421112060547,-1.1355196237564087,0.26848463346351253,0.8365286689739297,False
GENE_0446,0.04417848587036133,-0.15889595448970795,0.8752787673109605,0.9876431420713804,False
GENE_0447,0.21242380142211914,-0.4959537982940674,0.6262812718892122,0.9518621980323889,False
GENE_0448,0.4165802001953125,-1.6066261529922485,0.12644684832427183,0.7150284758535879,False
GENE_0449,0.06180572509765625,-0.15005652606487274,0.8821657402126338,0.9876431420713804,False
GENE_0450,0.6788396835327148,-2.155653715133667,0.049646937679279676,0.4506344303175499,False
GENE_0451,0.11563873291015625,-0.3567061424255371,0.7248022525638564,0.9771174277289681,False
GENE_0452,-0.5224037170410156,1.2391566038131714,0.22952884602763102,0.818487073690934,False
GENE_0453,0.09411907196044922,-0.2565053701400757,0.7999460154344483,0.9876431420713804,False
GENE_0454,0.13522100448608398,-0.426311731338501,0.674941425631135,0.9638759729645049,False
GENE_0455,-0.36769866943359375,1.0035628080368042,0.32994809803031755,0.8516620687827327,False
GENE_0456,-0.18894672393798828,0.47727322578430176,0.6379178103850303,0.961081446907767,False
GENE_0457,0.07655620574951172,-0.174458846449852,0.8632258842646084,0.9876431420713804,False
GENE_0458,-0.373593807220459,1.2484471797943115,0.22544191531340688,0.8180037421765873,False
GENE_0459,-0.024452686309814453,0.06798439472913742,0.9464468234145187,0.9876431420713804,False
GENE_0460,0.49860334396362305,-1.4326761960983276,0.16878470787931094,0.7359091354411771,False
GENE_0461,0.3034210205078125,-0.7312997579574585,0.4728786347399654,0.915624499132141,False
GENE_0462,0.15586519241333008,-0.5466171503067017,0.591590943901761,0.9463396797617495,False
GENE_0463,0.015155792236328125,-0.05438435822725296,0.9571972070516301,0.9876431420713804,False
GENE_0464,-0.1196441650390625,0.31132879853248596,0.7584921486933814,0.981958750297515,False
GENE_0465,-0.07634305953979492,0.20491202175617218,0.8398926805843739,0.9876431420713804,False
GENE_0466,0.07323074340820312,-0.2444916069507599,0.8095877107508169,0.9876431420713804,False
GENE_0467,-0.37262916564941406,0.891268253326416,0.3824496772048144,0.8766754778333853,False
GENE_0468,0.5391044616699219,-1.761899471282959,0.09290660374894283,0.640244703156796,False
GENE_0469,0.4881553649902344,-1.2938323020935059,0.20919332121675968,0.8035579793731504,False
GENE_0470,-0.022033214569091797,0.05325278639793396,0.9580138478092389,0.9876431420713804,False
GENE_0471,-0.015147209167480469,0.037982020527124405,0.9701519560960037,0.9897544304320103,False
GENE_0472,0.09240484237670898,-0.302373468875885,0.7652268351183116,0.9850266931592742,False
GENE_0473,-0.32464599609375,1.0403684377670288,0.3096904464942069,0.8516620687827327,False
GENE_0474,-0.2018265724182129,0.6788310408592224,0.5053094491589458,0.9326127094886719,False
GENE_0475,0.007945537567138672,-0.021561363711953163,0.9830006830041277,0.9912455612382265,False
GENE_0476,-0.07358694076538086,0.21198830008506775,0.8341492832079831,0.9876431420713804,False
GENE_0477,-0.4851493835449219,1.1922743320465088,0.24588478163693245,0.8226019323714728,False
GENE_0478,-0.019344329833984375,0.06261938810348511,0.9506566111097401,0.9876431420713804,False
GENE_0479,-0.08742523193359375,0.34664833545684814,0.7321723022727098,0.9771174277289681,False
GENE_0480,0.36248779296875,-1.1413393020629883,0.26792267013520565,0.8365286689739297,False
GENE_0481,-0.018836498260498047,0.07110683619976044,0.9439572442070632,0.9876431420713804,False
GENE_0482,0.23224115371704102,-0.5090556144714355,0.617412321832602,0.9485162243048392,False
GENE_0483,0.08145666122436523,-0.2581246495246887,0.7987568312602634,0.9876431420713804,False
GENE_0484,-0.34343528747558594,1.064760446548462,0.29924536929294815,0.848455575580531,False
GENE_0485,0.3060641288757324,-0.8404740691184998,0.41117036435804344,0.9011953191409171,False
GENE_0486,-0.41932010650634766,1.4424852132797241,0.16355806662931224,0.7359091354411771,False
GENE_0487,-0.7025485038757324,2.156116485595703,0.04230957263048293,0.4178723222763746,False
GENE_0488,0.05341672897338867,-0.12019563466310501,0.9054253842324722,0.9876431420713804,False
GENE_0489,-0.17676496505737305,0.5106139779090881,0.6158200268241476,0.9485162243048392,False
GENE_0490,0.14700984954833984,-0.4930054843425751,0.6270392229538362,0.9518621980323889,False
GENE_0491,0.1878829002380371,-0.62388676404953,0.5396983645096818,0.9463396797617495,False
GENE_0492,-0.5636081695556641,1.3870115280151367,0.17959527215991186,0.7540211431116493,False
GENE_0493,-0.16122961044311523,0.538482129573822,0.5957106418751488,0.9474523131215089,False
GENE_0494,0.03796529769897461,-0.11405382305383682,0.9104003120231511,0.9876431420713804,False
GENE_0495,0.02048015594482422,-0.05477328225970268,0.9568327230515019,0.9876431420713804,False
GENE_0496,0.4351310729980469,-1.4873019456863403,0.15113026251850603,0.734330843309223,False
GENE_0497,0.5229554176330566,-1.7495930194854736,0.09443609371562742,0.640244703156796,False
GENE_0498,0.09445762634277344,-0.2964593768119812,0.770783387397132,0.9850266931592742,False
GENE_0499,-0.052222251892089844,0.16363632678985596,0.8717189173870823,0.9876431420713804,False
GENE_0500,-0.11368417739868164,0.3343218266963959,0.7414572234613548,0.9805703270701565,False
GENE_0501,-0.36919069290161133,0.9753890037536621,0.34154169067564955,0.8540654193017506,False
GENE_0502,-0.2820773124694824,0.6075433492660522,0.5497995635740338,0.9463396797617495,False
GENE_0503,-0.3366732597351074,0.9942904710769653,0.33181506220951285,0.853543568384599,False
GENE_0504,0.303896427154541,-0.9459280967712402,0.3565316682576901,0.8540654193017506,False
GENE_0505,-0.3548460006713867,1.4934978485107422,0.15110670380338095,0.734330843309223,False
GENE_0506,0.022061824798583984,-0.07358253747224808,0.9421583622855819,0.9876431420713804,False
GENE_0507,0.1527543067932129,-0.42378079891204834,0.6759495620486842,0.9638759729645049,False
GENE_0508,-0.46132946014404297,1.336295247077942,0.19761384331370668,0.7787737667535239,False
GENE_0509,0.2667841911315918,-1.0306004285812378,0.31392602134289327,0.8516620687827327,False
GENE_0510,0.15104198455810547,-0.5564754605293274,0.5836369191489221,0.9463396797617495,False
GENE_0511,-0.0379486083984375,0.09289832413196564,0.926909329602337,0.9876431420713804,False
GENE_0512,0.2693910598754883,-0.787723183631897,0.4392813849938989,0.9056321619079936,False
GENE_0513,0.2014312744140625,-0.7055943012237549,0.4878453479741731,0.9241299879726532,False
GENE_0514,-0.11736297607421875,0.3925439417362213,0.6990429510835351,0.9692103307917298,False
GENE_0515,0.4171409606933594,-1.396098017692566,0.17835800333918522,0.7540211431116493,False
GENE_0516,0.060674190521240234,-0.176645889878273,0.8615455513872184,0.9876431420713804,False
GENE_0517,0.026775360107421875,-0.08701084554195404,0.9314528497321741,0.9876431420713804,False
GENE_0518,-0.5453009605407715,1.5950161218643188,0.12506060908449038,0.7150284758535879,False
GENE_0519,0.24567794799804688,-0.7858443856239319,0.44205631380754595,0.9056321619079936,False
GENE_0520,0.10245609283447266,-0.3247053623199463,0.748802625000858,0.9805703270701565,False
GENE_0521,0.16946792602539062,-0.5505365133285522,0.5875222368394788,0.9463396797617495,False
GENE_0522,-0.7965598106384277,2.488525390625,0.02318089593578538,0.30036498645824183,False
GENE_0523,-0.6081490516662598,2.4162404537200928,0.024617403131233704,0.31260194452360257,False
GENE_0524,-0.5820937156677246,1.4482502937316895,0.16331180828036151,0.7359091354411771,False
GENE_0525,0.12748479843139648,-0.36981427669525146,0.7151104411869048,0.971976891359447,False
GENE_0526,-0.8712062835693359,2.9002232551574707,0.008968042821547574,0.15943187238306797,False
GENE_0527,0.5219745635986328,-1.5342518091201782,0.1440086831939048,0.7322576075251517,False
GENE_0528,-0.1119537353515625,0.3673098087310791,0.7169025989679275,0.971976891359447,False
GENE_0529,0.00595855712890625,-0.014243455603718758,0.988767447335131,0.9912455612382265,False
GENE_0530,-0.12584590911865234,0.26488712430000305,0.793598228657694,0.9876431420713804,False
GENE_0531,0.5672240257263184,-2.0896294116973877,0.050133080372827425,0.4506344303175499,False
GENE_0532,-0.31035661697387695,0.7971764206886292,0.433928340077793,0.9056321619079936,False
GENE_0533,-0.26076269149780273,0.6976079940795898,0.49400866780758435,0.9241299879726532,False
GENE_0534,0.29999876022338867,-0.9598063826560974,0.34758441238973414,0.8540654193017506,False
GENE_0535,-0.38806676864624023,1.2080481052398682,0.24005892208213028,0.8226019323714728,False
GENE_0536,-0.20438766479492188,0.522903323173523,0.6066186565136699,0.9485162243048392,False
GENE_0537,-0.22592926025390625,0.756830096244812,0.4574546011263082,0.9056321619079936,False
GENE_0538,-0.21367597579956055,0.5254825949668884,0.6047308410253358,0.9485162243048392,False
GENE_0539,-0.021101951599121094,0.0616646409034729,0.9514595361289025,0.9876431420713804,False
GENE_0540,0.03638410568237305,-0.10831452161073685,0.9147944273863542,0.9876431420713804,False
GENE_0541,0.07123041152954102,-0.28992581367492676,0.7748567847230893,0.9854769483901411,False
GENE_0542,0.11153745651245117,-0.3516177535057068,0.729131869465127,0.9771174277289681,False
GENE_0543,-0.6561770439147949,1.6982511281967163,0.10619905346958872,0.6817894281151676,False
GENE_0544,0.05684614181518555,-0.19356855750083923,0.8483949910383607,0.9876431420713804,False
GENE_0545,-0.2561836242675781,0.6151167154312134,0.5457113330281264,0.9463396797617495,False
GENE_0546,-0.4646739959716797,1.150938868522644,0.2621152933524764,0.8365286689739297,False
GENE_0547,0.28359413146972656,-0.7889593839645386,0.4406615845176194,0.9056321619079936,False
GENE_0548,-0.08670568466186523,0.2991253733634949,0.767986725669981,0.9850266931592742,False
GENE_0549,-0.2134532928466797,0.7711926102638245,0.44944918414911705,0.9056321619079936,False
GENE_0550,0.39441728591918945,-1.1016343832015991,0.28301348152706435,0.8365286689739297,False
GENE_0551,-0.22690868377685547,0.6762301325798035,0.5059423948976045,0.9326127094886719,False
GENE_0552,-0.41391897201538086,1.5387643575668335,0.13947362478338268,0.7322576075251517,False
GENE_0553,0.1818695068359375,-0.4173872768878937,0.6807301602904681,0.9638759729645049,False
GENE_0554,-0.3431529998779297,0.8642666935920715,0.39855251876676234,0.888304835143673,False
GENE_0555,-0.23493099212646484,0.5811418890953064,0.5673286982519401,0.9463396797617495,False
GENE_0556,0.5203347206115723,-1.4768139123916626,0.15390218589662735,0.7359091354411771,False
GENE_0557,-0.2606983184814453,0.5962584018707275,0.5577698614184712,0.9463396797617495,False
GENE_0558,0.4296731948852539,-1.4221556186676025,0.1691719779062377,0.7359091354411771,False
GENE_0559,-0.15693330764770508,0.4119643568992615,0.6843519408047984,0.9638759729645049,False
GENE_0560,-0.4054079055786133,1.239844560623169,0.22817045569893674,0.818487073690934,False
GENE_0561,0.06183290481567383,-0.22458516061306,0.8244459899453284,0.9876431420713804,False
GENE_0562,-0.020865440368652344,0.07710336893796921,0.9392444175669804,0.9876431420713804,False
GENE_0563,0.2573823928833008,-0.574779748916626,0.5712790195552857,0.9463396797617495,False
GENE_0564,0.057765960693359375,-0.1663932353258133,0.8696915457360708,0.9876431420713804,False
GENE_0565,-0.5197854042053223,1.868040919303894,0.07656509424382522,0.5619456458262402,False
GENE_0566,0.6882705688476562,-2.1602931022644043,0.043263470512307736,0.42208263914446575,False
GENE_0567,0.3304271697998047,-0.9445434808731079,0.3565723125584809,0.8540654193017506,False
GENE_0568,-0.013555526733398438,0.04437987133860588,0.9650020142801018,0.9897544304320103,False
GENE_0569,0.45159149169921875,-1.137796401977539,0.2675238596479546,0.8365286689739297,False
GENE_0570,-0.4676074981689453,1.3194462060928345,0.20176874296418484,0.791249972408568,False
GENE_0571,0.023063182830810547,-0.06687364727258682,0.9473364063289946,0.9876431420713804,False
GENE_0572,0.3513951301574707,-1.0004384517669678,0.3300190516533089,0.8516620687827327,False
GENE_0573,0.4552340507507324,-1.1260943412780762,0.275373099668233,0.8365286689739297,False
GENE_0574,0.6636209487915039,-1.5107383728027344,0.1475455198589876,0.734330843309223,False
GENE_0575,0.43323421478271484,-1.3507329225540161,0.19147604742615304,0.7697529544769971,False
GENE_0576,-0.17076635360717773,0.3955322206020355,0.6962748706338057,0.9686215680102949,False
GENE_0577,-0.10403776168823242,0.39869046211242676,0.6939666970453926,0.9686215680102949,False
GENE_0578,-0.17243576049804688,0.4327746629714966,0.6699867166079967,0.9638759729645049,False
GENE_0579,0.4512777328491211,-1.242817759513855,0.2276055629276011,0.818487073690934,False
GENE_0580,0.22849464416503906,-0.7542850971221924,0.45880436394041946,0.9056321619079936,False
GENE_0581,0.00662994384765625,-0.021220117807388306,0.9832669362297246,0.9912455612382265,False
GENE_0582,0.3216691017150879,-0.7504999041557312,0.46094842872935626,0.9056321619079936,False
GENE_0583,-0.10707473754882812,0.4353615641593933,0.6678544134581929,0.9638759729645049,False
GENE_0584,-0.7771263122558594,2.615699052810669,0.015812646960255545,0.2454781050478957,False
GENE_0585,0.6033496856689453,-2.2710108757019043,0.0333114018446485,0.37012668716276115,False
GENE_0586,-0.22270965576171875,0.5850692391395569,0.5645940574391723,0.9463396797617495,False
GENE_0587,0.05726814270019531,-0.1343771368265152,0.8944595067138894,0.9876431420713804,False
GENE_0588,0.07241058349609375,-0.3159390687942505,0.7550267025598554,0.981958750297515,False
GENE_0589,-0.17294645309448242,0.3959178328514099,0.6965350376266476,0.9686215680102949,False
GENE_0590,-0.38770532608032227,1.5497314929962158,0.13552982607650627,0.7276769185315772,False
GENE_0591,-0.44615793228149414,1.631185531616211,0.11715956830815519,0.7036029743184316,False
GENE_0592,0.10112762451171875,-0.2357480227947235,0.8164007253592918,0.9876431420713804,False
GENE_0593,-0.03726959228515625,0.11381895840167999,0.9105887728352617,0.9876431420713804,False
GENE_0594,-0.07457399368286133,0.17568394541740417,0.8622473617792463,0.9876431420713804,False
GENE_0595,-0.013611316680908203,0.035421062260866165,0.972063534873844,0.9897544304320103,False
GENE_0596,0.1318531036376953,-0.33103713393211365,0.7437494773129787,0.9805703270701565,False
GENE_0597,-0.1569209098815918,0.5286930799484253,0.6026711865070455,0.9485162243048392,False
GENE_0598,-0.3595552444458008,0.9454770684242249,0.35526246614528234,0.8540654193017506,False
GENE_0599,-0.011619091033935547,0.028678542003035545,0.9774888824093991,0.990226742941624,False
GENE_0600,-0.23663759231567383,0.8473442196846008,0.4062326174241485,0.8960145081291397,False
GENE_0601,0.31194448471069336,-0.8076848983764648,0.42850004686802656,0.9013916020597182,False
GENE_0602,0.24335718154907227,-0.693392276763916,0.4955647060503353,0.9241299879726532,False
GENE_0603,0.05253458023071289,-0.14404553174972534,0.886994654594221,0.9876431420713804,False
GENE_0604,0.02673816680908203,-0.07980231940746307,0.9373096740799517,0.9876431420713804,False
GENE_0605,0.06219148635864258,-0.1837025135755539,0.855969042811445,0.9876431420713804,False
GENE_0606,-0.5065040588378906,1.4054958820343018,0.17413805663738297,0.7449756433684832,False
GENE_0607,0.106048583984375,-0.32949015498161316,0.7449034091653187,0.9805703270701565,False
GENE_0608,0.047637939453125,-0.15915578603744507,0.8750811349395402,0.9876431420713804,False
GENE_0609,0.15532684326171875,-0.40679624676704407,0.6880929859519973,0.9640532202479822,False
GENE_0610,-0.24447393417358398,0.7004718780517578,0.4909967393889936,0.9241299879726532,False
GENE_0611,0.056611061096191406,-0.16910435259342194,0.8677518971583629,0.9876431420713804,False
GENE_0612,-0.7316594123840332,2.348651170730591,0.02877443613247095,0.3487810440299509,False
GENE_0613,0.5976142883300781,-1.5760382413864136,0.1295989112484628,0.7150284758535879,False
GENE_0614,-0.3189105987548828,0.7636759877204895,0.4542724316135116,0.9056321619079936,False
GENE_0615,-0.20225048065185547,0.7032296657562256,0.48929749947238343,0.9241299879726532,False
GENE_0616,-0.8475537300109863,2.4991977214813232,0.020405569628088517,0.28220709872421484,False
GENE_0617,-0.46906280517578125,1.5544724464416504,0.13440980822580942,0.7265395039232941,False
GENE_0618,-0.1320958137512207,0.370333194732666,0.7171280306933243,0.971976891359447,False
GENE_0619,-0.6102414131164551,2.2262730598449707,0.0373331227826091,0.40360132737955784,False
GENE_0620,-0.27111101150512695,0.7552066445350647,0.4583205042072146,0.9056321619079936,False
GENE_0621,0.2837185859680176,-0.7423853874206543,0.4660313827316187,0.9093295272812073,False
GENE_0622,-0.5389585494995117,1.6108312606811523,0.12610154537139942,0.7150284758535879,False
GENE_0623,-0.4862847328186035,1.7884867191314697,0.08893309028617892,0.6186649759038534,False
GENE_0624,-0.3191227912902832,1.0760923624038696,0.294474441581503,0.8443711586566394,False
GENE_0625,0.04247713088989258,-0.12188942730426788,0.9042066947211689,0.9876431420713804,False
GENE_0626,0.7663788795471191,-2.0218944549560547,0.05614992525885645,0.47992793821143725,False
GENE_0627,0.1066141128540039,-0.3689652979373932,0.716421499249164,0.971976891359447,False
GENE_0628,-0.008933544158935547,0.02680348977446556,0.978914318345188,0.990226742941624,False
GENE_0629,-0.15463685989379883,0.3992723524570465,0.6936984532860839,0.9686215680102949,False
GENE_0630,0.3424253463745117,-0.9678362607955933,0.34386388779292143,0.8540654193017506,False
GENE_0631,-0.25611162185668945,0.9910894632339478,0.33433721762615676,0.8538120109709246,False
GENE_0632,0.46935606002807617,-1.1099538803100586,0.27901295950018157,0.8365286689739297,False
GENE_0633,-0.2746758460998535,0.7449781894683838,0.46421886075636587,0.9080075516016937,False
GENE_0634,0.3245878219604492,-0.9603338837623596,0.347479394236055,0.8540654193017506,False
GENE_0635,-0.2368307113647461,0.8130595088005066,0.4254897254679276,0.9013916020597182,False
GENE_0636,-0.5198879241943359,1.6235642433166504,0.11875607564860736,0.7036029743184316,False
GENE_0637,0.29305458068847656,-0.9415088891983032,0.35767999532442074,0.8541611828642883,False
GENE_0638,0.5085291862487793,-1.4997782707214355,0.1483578517429182,0.734330843309223,False
GENE_0639,0.2124171257019043,-0.46589395403862,0.6458766843538737,0.963028583167994,False
GENE_0640,-0.03752899169921875,0.16276946663856506,0.8721882043343435,0.9876431420713804,False
GENE_0641,-1.047813892364502,3.748141050338745,0.001299682590155789,0.039990233543255045,True
GENE_0642,0.09490346908569336,-0.2769206762313843,0.7845691694307594,0.9876431420713804,False
GENE_0643,0.025112152099609375,-0.0700349509716034,0.9448266457703786,0.9876431420713804,False
GENE_0644,-0.1896228790283203,0.5241588950157166,0.6054096955854305,0.9485162243048392,False
GENE_0645,-0.032773494720458984,0.10211023688316345,0.9198522214879857,0.9876431420713804,False
GENE_0646,-0.23442983627319336,0.6484198570251465,0.5246558876125582,0.9423748141663264,False
GENE_0647,-0.28013134002685547,0.8588213920593262,0.39973717581465285,0.888304835143673,False
GENE_0648,-0.11023902893066406,0.3639669418334961,0.7194775466879977,0.9722669549837807,False
GENE_0649,-0.3170766830444336,0.9801284074783325,0.3388914440568166,0.8538262672543481,False
GENE_0650,0.04283428192138672,-0.1177608072757721,0.9073276739790244,0.9876431420713804,False
GENE_0651,-0.03558635711669922,0.08820115774869919,0.9305148112736162,0.9876431420713804,False
GENE_0652,0.6781516075134277,-2.4982492923736572,0.020460014657505576,0.28220709872421484,False
GENE_0653,-0.16318750381469727,0.425090491771698,0.674947171884079,0.9638759729645049,False
GENE_0654,0.6275463104248047,-2.0723421573638916,0.05415960996489423,0.47095313012951506,False
GENE_0655,0.09917259216308594,-0.4514669179916382,0.6563185366354624,0.9638759729645049,False
GENE_0656,0.020786285400390625,-0.057564426213502884,0.9546313388624204,0.9876431420713804,False
GENE_0657,0.9003925323486328,-2.5065419673919678,0.0201099820602359,0.28220709872421484,False
GENE_0658,-0.19680309295654297,0.5609692931175232,0.5805132156686044,0.9463396797617495,False
GENE_0659,0.3686037063598633,-1.3338539600372314,0.19612780216733872,0.7767437709597573,False
GENE_0660,0.38470458984375,-0.9194949865341187,0.3719457380385959,0.8632446921923396,False
GENE_0661,0.026155948638916016,-0.06427829712629318,0.9493587141739188,0.9876431420713804,False
GENE_0662,0.5146346092224121,-1.6623786687850952,0.11191196823671347,0.6902634673803552,False
GENE_0663,0.15825700759887695,-0.4289216697216034,0.6721904470803115,0.9638759729645049,False
GENE_0664,-0.115570068359375,0.32886993885040283,0.7456743291160775,0.9805703270701565,False
GENE_0665,0.4085383415222168,-1.5582398176193237,0.14078032494790854,0.7322576075251517,False
GENE_0666,0.2729768753051758,-0.6464570164680481,0.5250781390249342,0.9423748141663264,False
GENE_0667,0.2829561233520508,-0.8795577883720398,0.390132664815778,0.8866651473085864,False
GENE_0668,-0.1305856704711914,0.42921414971351624,0.6723251140008442,0.9638759729645049,False
GENE_0669,0.35874080657958984,-1.1046863794326782,0.2814084305279873,0.8365286689739297,False
GENE_0670,-0.19922256469726562,0.575201690196991,0.5710022292421814,0.9463396797617495,False
GENE_0671,-0.7044162750244141,1.8003371953964233,0.08564026827230668,0.60630278422872,False
GENE_0672,-0.23099136352539062,0.6335853338241577,0.5331446653062287,0.9423748141663264,False
GENE_0673,0.006496429443359375,-0.02029234729707241,0.9840489999937072,0.9912455612382265,False
GENE_0674,-0.11156606674194336,0.28812074661254883,0.7760630968572361,0.9854769483901411,False
GENE_0675,-0.020651817321777344,0.054490212351083755,0.9570406294829816,0.9876431420713804,False
GENE_0676,0.23299789428710938,-0.6503862738609314,0.5221968681590395,0.9423748141663264,False
GENE_0677,-0.412139892578125,1.1092056035995483,0.2793484631893272,0.8365286689739297,False
GENE_0678,0.054248809814453125,-0.16066843271255493,0.8738225676630593,0.9876431420713804,False
GENE_0679,0.4831657409667969,-1.4165147542953491,0.1706296778947639,0.7359091354411771,False
GENE_0680,-0.11420631408691406,0.32139334082603455,0.7517918438718774,0.981958750297515,False
GENE_0681,0.9013299942016602,-3.050323724746704,0.005902808091360266,0.12108324289969777,False
GENE_0682,-0.31831979751586914,1.0426156520843506,0.3092721011883437,0.8516620687827327,False
GENE_0683,0.40721893310546875,-1.1394445896148682,0.2667909454610109,0.8365286689739297,False
GENE_0684,0.35122108459472656,-1.3858762979507446,0.1862902167601677,0.7638397692204654,False
GENE_0685,-0.5522365570068359,2.193788528442383,0.041863134094641916,0.4178723222763746,False
GENE_0686,-0.07149505615234375,0.19657976925373077,0.8459885528432325,0.9876431420713804,False
GENE_0687,0.17080020904541016,-0.46339643001556396,0.647636722180476,0.963028583167994,False
GENE_0688,-0.31243896484375,0.8590831160545349,0.39955895160963983,0.888304835143673,False
GENE_0689,0.7123379707336426,-2.1278939247131348,0.04610318429607835,0.43391232278661973,False
GENE_0690,0.002735137939453125,-0.006925808731466532,0.9945435125651565,0.9945435125651565,False
GENE_0691,0.2744302749633789,-1.0007405281066895,0.32854500289954225,0.8516620687827327,False
GENE_0692,0.059233665466308594,-0.1467776596546173,0.8846840991961448,0.9876431420713804,False
GENE_0693,0.5398244857788086,-1.8535537719726562,0.08218453900635025,0.5870324214739303,False
GENE_0694,-0.5368623733520508,1.4892710447311401,0.15185655411532634,0.734330843309223,False
GENE_0695,-0.4068264961242676,0.9523926377296448,0.3512456641278642,0.8540654193017506,False
GENE_0696,0.1473536491394043,-0.47278475761413574,0.6410240433358865,0.96187071021448,False
GENE_0697,0.07500839233398438,-0.1561501920223236,0.8773417745447968,0.9876431420713804,False
GENE_0698,-0.6018853187561035,1.584058165550232,0.12745155241499068,0.7150284758535879,False
GENE_0699,-0.2700777053833008,0.896429717540741,0.38048550876708565,0.8746793304990474,False
GENE_0700,-0.033783912658691406,0.08962101489305496,0.9294527260517449,0.9876431420713804,False
GENE_0701,0.2866983413696289,-0.6812599301338196,0.5031741450509151,0.9318039723165094,False
GENE_0702,-0.28371286392211914,0.7688547968864441,0.4501844272997627,0.9056321619079936,False
GENE_0703,0.225982666015625,-0.7709293365478516,0.4491948658125141,0.9056321619079936,False
GENE_0704,0.20934629440307617,-0.6211010813713074,0.5418098470204276,0.9463396797617495,False
GENE_0705,0.2907390594482422,-1.0378602743148804,0.31105375982775024,0.8516620687827327,False
GENE_0706,0.17554807662963867,-0.5579999089241028,0.5825581910827449,0.9463396797617495,False
GENE_0707,-0.02921438217163086,0.07002970576286316,0.9448700609349351,0.9876431420713804,False
GENE_0708,-0.11100149154663086,0.44268348813056946,0.6624044996060504,0.9638759729645049,False
GENE_0709,-0.15522527694702148,0.3493543267250061,0.7303523075800391,0.9771174277289681,False
GENE_0710,0.025119781494140625,-0.05647484213113785,0.95568506668265,0.9876431420713804,False
GENE_0711,0.4172248840332031,-1.35360848903656,0.19382607630134568,0.7714470698561023,False
GENE_0712,0.0454559326171875,-0.14952678978443146,0.8825035423549228,0.9876431420713804,False
GENE_0713,0.5930633544921875,-2.707874298095703,0.014393900120049567,0.23030240192079307,False
GENE_0714,-0.2377614974975586,0.5429450869560242,0.5926452244507956,0.9463396797617495,False
GENE_0715,-0.5825099945068359,1.885728120803833,0.07435997093146833,0.5583002200885834,False
GENE_0716,-0.056491851806640625,0.15789912641048431,0.8760279641299598,0.9876431420713804,False
GENE_0717,0.17184209823608398,-0.5326626300811768,0.6019965801391061,0.9485162243048392,False
GENE_0718,-0.03961372375488281,0.11237187683582306,0.9119407806568371,0.9876431420713804,False
GENE_0719,-0.6249923706054688,2.177368640899658,0.0411554523356617,0.41676407428518175,False
GENE_0720,0.39316844940185547,-0.7807129621505737,0.4433311138164542,0.9056321619079936,False
GENE_0721,-0.27656984329223633,1.0288830995559692,0.3147330588043584,0.8516620687827327,False
GENE_0722,-0.515538215637207,1.6875636577606201,0.10652959814299494,0.6817894281151676,False
GENE_0723,-0.2551569938659668,0.7101907134056091,0.48562138590454684,0.9241299879726532,False
GENE_0724,-0.46503448486328125,1.159622311592102,0.2626952230737191,0.8365286689739297,False
GENE_0725,-0.5994043350219727,1.5670610666275024,0.13154385172549254,0.7167018153728464,False
GENE_0726,-0.3543281555175781,1.162998914718628,0.25729151507207054,0.8365286689739297,False
GENE_0727,0.28923988342285156,-1.0406901836395264,0.3094766187423075,0.8516620687827327,False
GENE_0728,0.21412229537963867,-0.5852347016334534,0.5647212248270359,0.9463396797617495,False
GENE_0729,-0.07982873916625977,0.22501614689826965,0.8241750890422225,0.9876431420713804,False
GENE_0730,-0.09775161743164062,0.36729881167411804,0.7178012006302639,0.971976891359447,False
GENE_0731,0.21530628204345703,-0.5413546562194824,0.5939667104868995,0.94656049479984,False
GENE_0732,0.5955390930175781,-2.000047445297241,0.058926101419862854,0.49621980143042405,False
GENE_0733,-0.32766246795654297,0.9293647408485413,0.3630793169572558,0.8612897885966141,False
GENE_0734,0.28531646728515625,-0.807698667049408,0.42808349542721946,0.9013916020597182,False
GENE_0735,0.8113365173339844,-3.2980902194976807,0.0033432594830658424,0.08104871474099011,False
GENE_0736,0.38562870025634766,-1.1000165939331055,0.284874962368862,0.8365286689739297,False
GENE_0737,0.26480913162231445,-0.7701823115348816,0.4513156283430477,0.9056321619079936,False
GENE_0738,0.013059616088867188,-0.04571077600121498,0.963959459467953,0.9897544304320103,False
GENE_0739,-0.4187450408935547,1.38505220413208,0.18002254791790626,0.7540211431116493,False
GENE_0740,-0.4261956214904785,1.3678425550460815,0.18518354214299876,0.7638397692204654,False
GENE_0741,0.047817230224609375,-0.13571755588054657,0.8934604093001122,0.9876431420713804,False
GENE_0742,-0.15291452407836914,0.4888305962085724,0.6298398854822116,0.9543028567912296,False
GENE_0743,0.9242897033691406,-2.5208799839019775,0.019642630479330136,0.28220709872421484,False
GENE_0744,-0.09353256225585938,0.26941028237342834,0.7903266808211418,0.9876431420713804,False
GENE_0745,-0.21654510498046875,0.5883722305297852,0.5627024655643867,0.9463396797617495,False
GENE_0746,0.3064846992492676,-0.8185833692550659,0.42321444986199996,0.9013916020597182,False
GENE_0747,0.1744551658630371,-0.4528820812702179,0.6550685148590871,0.9638759729645049,False
GENE_0748,-0.923952579498291,2.7978997230529785,0.011646745901314136,0.19015095349084304,False
GENE_0749,0.21528387069702148,-0.6376557350158691,0.5304006212122925,0.9423748141663264,False
GENE_0750,0.2147822380065918,-0.7239286303520203,0.47715974495506175,0.9198260143712033,False
GENE_0751,0.32936859130859375,-0.8313621282577515,0.41558586945987386,0.9013916020597182,False
GENE_0752,0.19319581985473633,-0.6281580328941345,0.537011013651602,0.9441951888379815,False
GENE_0753,-0.09943199157714844,0.3515612781047821,0.7288083189480583,0.9771174277289681,False
GENE_0754,-0.029395103454589844,0.08919547498226166,0.9297527931085254,0.9876431420713804,False
GENE_0755,-0.7577390670776367,2.356529951095581,0.02778077939045262,0.3419172848055707,False
GENE_0756,-0.018842697143554688,0.057720210403203964,0.9545489200740949,0.9876431420713804,False
GENE_0757,0.06262397766113281,-0.1801885962486267,0.8586581424875926,0.9876431420713804,False
GENE_0758,0.2768583297729492,-0.9156467318534851,0.36979555429990807,0.8632446921923396,False
GENE_0759,-0.5378632545471191,2.2505853176116943,0.03534255451158793,0.38731566588041566,False
GENE_0760,0.51513671875,-1.8799500465393066,0.07373035052375451,0.5583002200885834,False
GENE_0761,-0.09508371353149414,0.30959734320640564,0.7597905830427023,0.981958750297515,False
GENE_0762,0.32895469665527344,-1.0014973878860474,0.32838981159277714,0.8516620687827327,False
GENE_0763,0.18653583526611328,-0.5163952112197876,0.6108398418932299,0.9485162243048392,False
GENE_0764,0.035681724548339844,-0.10747070610523224,0.9154256525264761,0.9876431420713804,False
GENE_0765,-0.5870604515075684,1.8920814990997314,0.07467265443684803,0.5583002200885834,False
GENE_0766,-0.1831660270690918,0.4592134952545166,0.6510198133024356,0.9638759729645049,False
GENE_0767,-0.3599543571472168,1.0712884664535522,0.29662720127880904,0.8453864889082383,False
GENE_0768,-0.14635133743286133,0.4089786112308502,0.6865121206249922,0.9640532202479822,False
GENE_0769,-0.4572596549987793,1.2870248556137085,0.2126567928796126,0.8101211157318574,False
GENE_0770,-0.00925302505493164,0.031039360910654068,0.9755744722724469,0.990226742941624,False
GENE_0771,0.25957536697387695,-0.728765606880188,0.4738356783008829,0.915624499132141,False
GENE_0772,-0.06824636459350586,0.21851706504821777,0.8291124282258292,0.9876431420713804,False
GENE_0773,-0.20751047134399414,0.5537569522857666,0.58621771152385,0.9463396797617495,False
GENE_0774,0.6261458396911621,-2.3310728073120117,0.02938216051204682,0.3508317673080217,False
GENE_0775,0.4492321014404297,-1.4156941175460815,0.17094595259004006,0.7359091354411771,False
GENE_0776,-0.26876306533813477,0.7211992740631104,0.4789759265527992,0.9211075510630753,False
GENE_0777,0.5686488151550293,-1.5961813926696777,0.12837843666129004,0.7150284758535879,False
GENE_0778,0.010236263275146484,-0.03495492413640022,0.9724337278994502,0.9897544304320103,False
GENE_0779,0.16195011138916016,-0.4414408504962921,0.6635477756702001,0.9638759729645049,False
GENE_0780,0.16484498977661133,-0.5149070024490356,0.6127935788234833,0.9485162243048392,False
GENE_0781,0.05099678039550781,-0.12621647119522095,0.900709232812321,0.9876431420713804,False
GENE_0782,-0.46964502334594727,1.2486563920974731,0.2250863458315552,0.8180037421765873,False
GENE_0783,0.004531383514404297,-0.0153502207249403,0.9879014224040736,0.9912455612382265,False
GENE_0784,-0.20500612258911133,0.5134745240211487,0.6143329866503564,0.9485162243048392,False
GENE_0785,-0.623654842376709,2.0598556995391846,0.05400114896636565,0.47095313012951506,False
GENE_0786,0.11133050918579102,-0.3145731985569,0.7562342997694026,0.981958750297515,False
GENE_0787,0.26764965057373047,-0.6047229766845703,0.5517355655672982,0.9463396797617495,False
GENE_0788,0.022719383239746094,-0.08399981260299683,0.9338870781612989,0.9876431420713804,False
GENE_0789,-0.12072229385375977,0.37297549843788147,0.7129037055848877,0.971976891359447,False
GENE_0790,-0.41418981552124023,1.0950099229812622,0.29089631615558065,0.8431777279871904,False
GENE_0791,0.6429085731506348,-1.7335805892944336,0.09749604615272364,0.6554356043880581,False
GENE_0792,-0.37163686752319336,0.9139943718910217,0.3733533293731869,0.8632446921923396,False
GENE_0793,-0.3898782730102539,1.0371099710464478,0.31310452661776467,0.8516620687827327,False
GENE_0794,0.05622243881225586,-0.16658712923526764,0.8693685591564658,0.9876431420713804,False
GENE_0795,0.09512901306152344,-0.22309011220932007,0.8258014974540746,0.9876431420713804,False
GENE_0796,0.12489604949951172,-0.33650222420692444,0.7397948450030847,0.9805703270701565,False
GENE_0797,0.4310431480407715,-1.0990811586380005,0.28923418620910907,0.8431777279871904,False
GENE_0798,-0.6115922927856445,1.246160626411438,0.22597353377628224,0.8180037421765873,False
GENE_0799,0.24793004989624023,-0.8088201284408569,0.4275301799224699,0.9013916020597182,False
